{"0.14076288165462847":{"user_id":1},"0.4404802147004858":{"user_id":1},"0.2927818431196947":{"user_id":1}}